{"_timestamp":1.7773655899002504e+09,"grad_norm":0.11306262016296387,"loss":0.012080280110239983,"param_norm":1802.7215576171875,"_wandb":{"runtime":1742},"_runtime":1742.994126246,"_step":2000,"camera_views":{"filenames":["media/images/camera_views_0_7625f226f761f80acc0c.png","media/images/camera_views_0_925e493033a39207f69c.png","media/images/camera_views_0_05f2088b1244696c2da7.png","media/images/camera_views_0_bc699887e0d434780443.png","media/images/camera_views_0_c59300227baefedd19a0.png"],"_type":"images/separated","width":672,"height":224,"format":"png","count":5}}