{"grad_norm":0.055711954832077026,"loss":0.0010309367207810283,"param_norm":1806.191650390625,"_runtime":30097.160368301,"_wandb":{"runtime":30097},"_step":25800,"camera_views":{"_type":"images/separated","width":672,"height":224,"format":"png","count":5,"filenames":["media/images/camera_views_0_5bdc74f40d32e8b5ce88.png","media/images/camera_views_0_ab6d70ddcae5e734ec52.png","media/images/camera_views_0_9d9873617bc12110850a.png","media/images/camera_views_0_5976190940938508a101.png","media/images/camera_views_0_01f45250b903d4f72c61.png"]},"_timestamp":1.7762485561808453e+09}