{"_runtime":44000.067072821,"_step":38000,"camera_views":{"height":224,"format":"png","count":5,"filenames":["media/images/camera_views_0_1ab5812b64096233afe3.png","media/images/camera_views_0_656b7fbcc4611acad229.png","media/images/camera_views_0_a1e487b0d64523e10b56.png","media/images/camera_views_0_ada142b51fc418645be1.png","media/images/camera_views_0_f3c739f9d3f06595f9c2.png"],"_type":"images/separated","width":672},"_timestamp":1.7749652557633255e+09,"grad_norm":0.05753233656287193,"loss":0.0021746493875980377,"param_norm":1806.41552734375,"_wandb":{"runtime":44000}}