{"_wandb":{"runtime":11612},"_runtime":11612.691568689,"loss":0.007571313995867968,"param_norm":1804.939697265625,"_step":10000,"camera_views":{"filenames":["media/images/camera_views_0_1ab5812b64096233afe3.png","media/images/camera_views_0_656b7fbcc4611acad229.png","media/images/camera_views_0_a1e487b0d64523e10b56.png","media/images/camera_views_0_ada142b51fc418645be1.png","media/images/camera_views_0_f3c739f9d3f06595f9c2.png"],"_type":"images/separated","width":672,"height":224,"format":"png","count":5},"_timestamp":1.7748851786207829e+09,"grad_norm":0.07391015440225601}