{"camera_views":{"count":5,"filenames":["media/images/camera_views_0_22b42600646062852074.png","media/images/camera_views_0_d4a894888b451d0293e5.png","media/images/camera_views_0_62802d2f32f0b02926d6.png","media/images/camera_views_0_09a126b215da6a1b96f1.png","media/images/camera_views_0_9b74c022dff5230212c9.png"],"_type":"images/separated","width":672,"height":224,"format":"png"},"_wandb":{"runtime":86511},"_timestamp":1.7763349008633766e+09,"grad_norm":0.06770256906747818,"loss":0.0011113983346149325,"param_norm":1806.72265625,"_runtime":86511.757630509,"_step":75100}