{"time_per_step":0.6144809317588806,"learning_rate":2.4975024975024977e-08,"loss":0.09277749806642532,"grad_norm":0.2599599063396454,"_wandb":{"runtime":900},"_runtime":900.182310917,"_timestamp":1.7737502102880027e+09,"step":0,"camera_views":{"_type":"images/separated","width":1344,"height":224,"format":"png","count":5,"filenames":["media/images/camera_views_0_24dbf130da6303fadeaf.png","media/images/camera_views_0_37622a792d6039e8be73.png","media/images/camera_views_0_dddc94ec8b9ce6966e4d.png","media/images/camera_views_0_23feb8a749f04dc5d278.png","media/images/camera_views_0_ed1ac1e96d52050e20a7.png"]},"checkpoint_step":100,"_step":100}