{"_timestamp":1.7750949973464289e+09,"_wandb":{"runtime":83545},"param_norm":1806.3890380859375,"_runtime":41745.26603445,"_step":35800,"camera_views":{"width":672,"_type":"images/separated","count":5,"filenames":["media/images/camera_views_0_4f629a56ed4801f669d2.png","media/images/camera_views_0_81ca31c65b1fd82905f7.png","media/images/camera_views_0_f4a263ce542875c27b9b.png","media/images/camera_views_0_4ac057106e1374d31442.png","media/images/camera_views_0_95d5bb3a1864536a66e8.png"],"format":"png","height":224},"grad_norm":0.06118670478463173,"loss":0.003151254029944539}