{"_runtime":142584.050176907,"_step":79900,"_timestamp":1.7751580846752455e+09,"_wandb":{"runtime":142584},"camera_views":{"width":672,"_type":"images/separated","count":5,"filenames":["media/images/camera_views_0_ffaa2cf13616ea87a5a2.png","media/images/camera_views_0_f14c8a97e00cadd9c665.png","media/images/camera_views_0_71af71fda440ec586ede.png","media/images/camera_views_0_07146a244ac0ea05dca3.png","media/images/camera_views_0_93c99f91cdcd8a9cf220.png"],"format":"png","height":224},"grad_norm":0.07315549999475479,"loss":0.0025567447301000357,"param_norm":1806.7144775390625}