{"grad_norm":0.06878232210874557,"loss":0.0016022511990740895,"param_norm":1806.68115234375,"_runtime":59965.87374289,"_step":79900,"_wandb":{"runtime":59965},"camera_views":{"height":224,"format":"png","count":5,"filenames":["media/images/camera_views_0_09a0b3af006ff0d7bdfc.png","media/images/camera_views_0_94d92e0663c65227d792.png","media/images/camera_views_0_675f2b4d2dcc02497591.png","media/images/camera_views_0_de9b70d82c3c36fbcf91.png","media/images/camera_views_0_6b5bb4bfb7a2f64d5bf3.png"],"_type":"images/separated","width":672},"_timestamp":1.775024928716451e+09}