{"param_norm":1806.531494140625,"_runtime":68789.334646511,"_wandb":{"runtime":68789},"_step":59000,"camera_views":{"width":672,"height":224,"format":"png","count":5,"filenames":["media/images/camera_views_0_fbbeadbb896911d25c85.png","media/images/camera_views_0_a711d8194658fa20d01e.png","media/images/camera_views_0_a22f521cec2396581f7d.png","media/images/camera_views_0_80e5d9412ea4c18f752c.png","media/images/camera_views_0_dc9495a7ce703ab3fa00.png"],"_type":"images/separated"},"_timestamp":1.7763954163519342e+09,"grad_norm":0.05212869122624397,"loss":0.0008591483347117901}