{"_runtime":1082.283282628,"grad_norm":0.1703726351261139,"loss":0.01748751848936081,"param_norm":1802.41259765625,"_step":800,"camera_views":{"format":"png","count":5,"filenames":["media/images/camera_views_0_1ab5812b64096233afe3.png","media/images/camera_views_0_656b7fbcc4611acad229.png","media/images/camera_views_0_a1e487b0d64523e10b56.png","media/images/camera_views_0_ada142b51fc418645be1.png","media/images/camera_views_0_f3c739f9d3f06595f9c2.png"],"_type":"images/separated","width":672,"height":224},"_timestamp":1.7748735322499747e+09,"_wandb":{"runtime":1082}}