{"_runtime":225436.196446461,"_step":79900,"_timestamp":1.7751579731839921e+09,"_wandb":{"runtime":225436},"camera_views":{"_type":"images/separated","count":5,"filenames":["media/images/camera_views_0_4f629a56ed4801f669d2.png","media/images/camera_views_0_81ca31c65b1fd82905f7.png","media/images/camera_views_0_f4a263ce542875c27b9b.png","media/images/camera_views_0_4ac057106e1374d31442.png","media/images/camera_views_0_95d5bb3a1864536a66e8.png"],"format":"png","height":224,"width":672},"grad_norm":0.06946175545454025,"loss":0.0023813836742192507,"param_norm":1806.59521484375}